id_date,id_product,id_shop,id_client,price,items_amount
348,11,1,88,168,12
348,42,1,88,98,10
348,72,1,88,174,5
320,14,2,8,167.40001,9
320,51,2,8,1696,40
76,41,1,40,77,10
76,51,1,40,1261.4,35
76,65,1,40,214.19998,15
76,22,3,75,95.759995,6
76,57,3,75,222.3,15
76,65,3,75,336,20
30,20,1,27,2462.4001,40
30,33,1,27,47.5,25
30,60,1,27,1088,40
272,31,4,40,200,20
272,39,4,40,604.8,42
272,49,4,40,640,40
425,24,5,11,45.899998,15
425,55,5,11,342.72,21
425,74,5,11,168,21
251,2,2,82,304,20
251,16,2,82,486.5,35
251,36,2,82,380,25
251,59,2,82,1320,30
90,53,3,72,393,15
90,77,3,72,124.799995,12
441,27,3,9,877.49994,25
441,39,3,9,86.399994,6
441,77,3,9,156,15
173,2,3,87,608,50
173,5,3,87,884,65
173,32,3,87,122.880005,6
436,21,3,23,80,10
436,37,3,23,20.8,1
286,41,5,5,92.399994,16
286,57,5,5,780,50
286,62,5,5,443.25003,15
286,70,5,5,189,21
286,21,3,13,160,20
286,35,3,13,288,20
331,5,2,71,163.2,12
331,7,2,71,360,15
331,56,2,71,60.8,2
474,16,4,87,625.5,60
474,24,4,87,100.799995,28
474,30,4,87,931.50006,60
474,74,4,87,216,36
262,2,6,52,532,35
262,41,6,52,163.625,25
308,17,2,15,936,30
308,70,2,15,240,20
447,12,5,73,346.56,12
450,40,1,48,735,50
450,59,1,48,2618,70
450,76,1,48,183.59999,15
150,29,2,4,990,10
150,72,2,4,111.2,4
48,33,2,19,114,60
48,72,2,19,528.2,20
427,36,2,73,456,30
427,43,2,73,920,25
427,33,4,50,48,24
153,20,3,71,388.80002,6
153,31,3,71,400,40
153,72,3,71,667.19995,24
11,10,6,18,565.44,24
11,31,6,18,142.5,15
11,33,6,18,40,20
11,40,6,18,837.89996,60
11,76,6,18,451.44,33
336,71,2,88,344,20
336,72,2,88,194.59999,7
278,24,2,47,41.039997,12
278,59,2,47,250.8,6
370,10,6,7,372,15
370,13,6,7,48,10
393,28,4,20,728,20
393,62,4,20,472.80002,12
186,44,1,79,248,16
186,59,1,79,660,15
186,63,1,79,280.8,8
186,73,1,79,300,25
414,17,4,90,351,15
203,24,2,79,43.199997,12
203,55,2,79,384,20
203,75,2,79,186,30
203,19,3,14,7.3,1
203,24,3,14,21.599998,6
203,35,3,14,57.6,4
249,30,1,14,124.200005,6
249,57,1,14,31.2,2
20,15,2,25,248,20
20,19,2,25,131.40001,18
20,60,2,25,952,35
20,72,2,25,83.399994,3
304,27,3,90,394.87497,15
304,44,3,90,325.5,21
304,60,3,90,408,20
304,67,3,90,42,5
392,1,6,18,518.39996,45
392,40,6,18,470.4,40
392,53,6,18,754.56,36
319,35,4,18,1440,100
319,62,4,18,1576,40
274,16,5,37,472.59998,40
274,34,5,37,224,20
274,46,5,37,122.4,15
22,54,4,64,53.100002,10
22,68,4,64,27,3
156,3,4,62,240,30
156,64,4,62,239.40001,9
440,5,2,78,340,20
440,29,2,78,1485,15
440,49,2,78,240,15
440,77,2,78,104,10
440,13,1,13,86.4,20
440,44,1,13,334.8,24
440,51,1,13,76.32,2
170,20,1,58,1296,20
31,18,6,7,600,12
31,24,6,7,36,10
31,63,6,7,175.5,5
31,75,6,7,37.199997,6
237,1,4,71,259.19998,18
237,17,4,71,468,15
237,43,4,71,552,15
237,60,4,71,571.2,21
237,75,4,71,37.199997,6
242,56,4,88,121.6,4
240,11,2,25,201.59999,12
240,16,2,25,417,30
240,69,2,25,432,15
106,39,4,15,864,60
106,72,4,15,556,20
93,2,6,12,608,40
93,36,6,12,456,40
93,59,6,12,990,30
93,62,6,12,591,15
389,19,5,37,109.5,15
389,70,5,37,240,20
292,66,5,47,408,30
292,68,5,47,200,20
292,40,5,67,147,10
292,56,5,67,608,20
169,17,3,27,1248,40
169,28,3,27,1019.2001,28
169,43,3,27,441.59998,12
390,40,4,49,529.2,40
390,65,4,49,453.59998,30
390,68,4,49,135,15
428,49,3,7,480,30
428,59,3,7,440,10
428,71,3,7,34.4,2
236,18,3,36,1125,25
236,29,3,36,2227.5,25
236,39,3,36,388.8,30
75,30,3,14,207,10
75,53,3,14,262,10
75,54,3,14,29.5,5
123,62,5,17,394,10
123,68,5,17,30,3
361,69,6,63,28.8,1
361,70,6,63,60,5
34,4,1,12,352,20
34,6,1,12,600,30
34,42,1,12,22.4,2
34,43,1,12,736,20
34,71,1,12,51.600002,3
289,16,6,89,139,10
289,62,6,89,197,5
289,42,6,28,67.2,6
289,69,6,28,201.59999,7
46,28,6,67,145.6,4
46,43,6,67,883.19995,24
46,53,6,67,524,20
46,75,6,67,62,10
435,36,3,18,182.4,12
363,32,4,71,921.60004,40
363,58,4,71,286.2,30
363,62,4,71,886.50006,25
470,34,6,81,156.8,14
470,70,6,81,360,30
168,41,6,71,77,10
168,62,6,71,2758,70
294,1,4,17,288,20
256,41,2,81,154,20
256,76,2,81,86.399994,6
338,17,3,7,249.6,8
338,28,3,7,509.60004,14
338,76,3,7,432,30
317,71,2,73,516,30
317,35,5,81,144,10
452,52,5,24,112,20
466,15,1,77,62,5
466,25,1,77,44.8,4
466,39,1,77,57.6,4
63,16,2,76,248.11499,21
63,35,2,76,856.8,70
63,46,2,76,288,30
63,59,2,76,1496,40
63,63,2,76,2386.7998,80
403,6,2,77,120,6
403,13,2,77,57.600002,12
403,14,2,77,167.40001,9
403,31,2,77,40,4
403,72,2,77,1112,40
149,4,2,74,422.40002,24
149,57,2,74,249.6,16
149,75,2,74,310,50
27,2,1,52,304,25
27,11,1,52,671.99994,50
27,30,1,52,579.60004,35
27,58,1,52,254.40001,30
407,59,5,26,396,9
407,65,5,26,672,40
407,68,5,26,100,10
108,19,3,50,69.35,10
108,30,3,50,157.32,8
108,38,3,50,4005.2,20
108,56,3,50,346.56,12
215,26,4,25,1058.25,50
215,72,4,25,590.75,25
215,54,4,54,88.5,15
463,18,6,3,1600,40
463,42,6,3,89.6,10
463,47,6,3,97.28,16
15,14,4,73,186,10
15,21,4,73,72,10
15,71,4,73,619.2,40
420,52,5,75,44.8,8
420,68,5,75,100,10
328,2,5,12,85.119995,7
328,31,5,12,200,25
328,32,5,12,122.880005,6
328,51,5,12,1628.16,48
235,4,1,2,285.12,18
9,23,5,48,288,40
9,26,5,48,597.6,24
9,36,5,48,304,20
9,37,5,48,582.39996,28
9,72,5,48,695,25
261,17,2,36,624,20
261,30,2,36,310.5,15
254,4,3,3,176,10
254,17,3,3,2074.8,70
254,62,3,3,1103.2001,28
267,18,2,54,950,20
267,41,2,54,87.78,12
267,43,2,54,1398.4,40
267,33,1,53,16,8
267,59,1,53,336.6,9
280,2,2,48,291.84,24
280,31,2,48,448,56
280,36,2,48,486.4,40
280,55,2,48,614.4,40
245,64,6,90,1330,50
245,68,6,90,38,4
245,76,6,90,216,15
185,4,1,19,616,35
185,8,1,19,1680,70
284,8,4,18,2240,70
284,19,4,18,584,80
284,42,4,18,100.799995,9
456,17,5,71,1010.88,36
456,56,5,71,608,20
243,25,6,32,112,10
243,39,6,32,612,50
243,40,6,32,58.8,4
243,75,6,32,31.619999,6
430,1,4,67,183.59999,15
430,23,4,67,180,25
323,54,6,50,141.6,24
194,50,1,42,175.5,15
194,69,1,42,466.56,18
194,38,3,87,4005.2,20
194,41,3,87,100.1,13
194,44,3,87,1133.825,77
194,65,3,87,159.59999,10
66,24,1,26,36,10
66,54,1,26,100.3,20
333,11,1,21,161.28,12
333,38,1,21,8432,50
104,1,3,24,172.79999,12
104,29,3,24,396,4
60,24,3,84,90,25
60,57,3,84,390,25
469,31,2,67,300,30
469,55,2,67,230.40001,12
469,69,2,67,576,20
285,10,5,25,595.19995,30
285,26,5,25,398.4,16
285,60,5,25,174.08,8
10,24,4,42,34.2,10
10,34,4,42,106.4,10
10,36,4,42,288.8,20
398,16,6,44,739.48,56
398,31,6,44,665,70
398,60,6,44,2067.2,80
70,28,4,15,1092,30
70,29,4,15,3465,35
70,38,4,15,2108,10
70,49,4,15,560,35
70,54,4,15,165.2,28
70,39,5,18,699.83997,54
70,60,5,18,1346.4,55
139,25,2,54,560,50
139,51,2,54,848,20
139,54,2,54,141.6,24
397,31,5,30,200,20
397,75,5,30,74.399994,12
397,76,5,30,172.79999,12
397,69,5,91,864,30
397,71,5,91,86,5
257,11,3,68,403.19998,24
339,65,1,66,84,5
339,77,1,66,52,5
339,34,6,34,403.19998,36
339,54,6,34,106.200005,18
339,65,6,34,251.99998,15
339,77,6,34,72.799995,7
468,21,1,87,36,5
468,28,1,87,425.88,13
468,57,1,87,390,25
468,64,1,87,837.9,35
83,29,4,50,1980,20
83,56,4,50,410.4,18
322,1,6,11,183.59999,15
322,64,6,11,798,30
322,74,6,11,136,20
322,36,6,42,72.96,6
418,20,5,31,583.2,12
418,38,5,31,6324,40
418,60,5,31,1428,70
418,72,5,31,875.69995,42
300,58,6,12,678.4,80
300,71,6,12,688,50
300,31,4,60,300,30
300,58,4,60,159,15
68,14,5,46,279,15
68,54,5,46,59,10
167,31,1,3,399,42
167,28,3,44,618.80005,20
167,39,3,44,244.79999,20
421,71,4,52,103.200005,6
24,41,6,13,55.44,8
24,63,6,13,505.43997,16
24,65,6,13,302.4,20
225,30,1,12,335.34003,18
225,53,1,12,471.6,20
225,60,1,12,146.88,6
225,70,1,12,360,30
225,74,3,25,112,14
12,5,2,87,544,32
12,18,2,87,450,9
12,29,2,87,1386,14
12,33,2,87,120,60
12,74,2,87,400,50
45,13,6,84,96,20
45,50,6,84,195,15
45,56,6,84,608,20
45,20,3,79,1814.4001,28
45,60,3,79,408,15
437,7,2,50,192,10
437,60,2,50,435.2,20
437,68,2,50,64,8
59,24,1,32,54,15
59,34,1,32,112,10
59,24,1,61,54,15
59,28,1,61,218.40001,6
59,59,1,61,528,12
59,71,1,61,258,15
179,45,5,44,91.2,15
179,52,5,44,89.6,20
179,53,5,44,1048,40
65,10,1,1,396.8,16
65,55,1,1,288,15
65,62,1,1,788,20
65,70,1,1,360,30
190,31,6,87,540,60
190,35,6,87,518.39996,40
190,46,6,87,432.00003,45
190,72,6,87,600.48,24
190,13,5,30,86.4,18
129,69,3,21,1440,50
204,2,3,76,285,25
204,14,3,76,585.9,42
204,25,3,76,58.8,7
204,26,3,76,1307.25,70
204,31,3,76,320,32
204,13,1,46,48,10
204,62,1,46,394,10
117,46,3,9,241.92001,28
117,53,3,9,1650.6001,70
117,69,3,9,230.4,8
13,23,1,48,288,40
13,71,1,48,1032,60
13,72,1,48,583.8,21
13,21,1,2,68,10
13,51,1,2,648.72003,18
101,35,5,76,432,30
101,55,5,76,2073.6,120
8,68,6,34,600,60
8,71,6,34,516,30
8,76,6,34,504,35
8,77,6,34,145.59999,14
134,29,5,91,2079,21
134,35,5,91,504,35
134,49,5,91,480,30
134,30,2,71,372.6,18
134,56,2,71,2128,70
134,65,2,71,336,20
134,71,2,71,1032,60
214,23,5,87,432,60
214,63,5,87,2281.5,65
166,16,6,87,248.11499,21
166,48,6,87,606.89996,70
166,26,4,47,709.64996,30
166,42,4,47,425.6,40
166,49,4,47,456,30
2,3,2,83,400,50
298,1,3,31,144,10
298,21,3,31,216,30
298,28,3,31,1375.92,42
298,36,3,31,68.4,5
298,40,3,31,26.46,2
298,11,3,5,503.99997,30
298,69,3,5,432,15
298,71,3,5,258,15
301,37,2,43,208,10
301,54,2,43,35.4,6
301,62,2,43,1379,35
147,14,6,33,223.20001,12
147,21,6,33,96,12
110,33,2,1,98,49
110,59,2,1,704,16
110,41,6,1,154,25
110,44,6,1,496,40
110,59,6,1,316.8,9
327,14,3,73,334.80002,20
226,1,1,42,345.59998,24
226,62,1,42,1576,40
226,76,1,42,201.59999,14
226,19,4,32,124.83,18
226,33,4,32,100,50
80,17,1,46,62.4,2
80,33,1,46,40,20
6,19,2,73,146,20
6,53,2,73,262,10
6,57,2,73,312,20
6,38,5,53,10540,50
6,46,5,53,14.400001,2
6,68,5,53,270,36
6,77,5,53,364,35
55,2,3,18,912,60
55,47,3,18,418,55
55,61,3,18,364.8,16
55,74,3,18,120,15
303,60,3,82,1550.4,60
303,69,3,82,547.2,20
47,9,2,72,1396.7999,20
47,13,2,72,8.64,2
47,70,2,72,86.4,8
47,73,2,72,216,20
47,19,3,13,24.82,4
47,26,3,13,747,30
47,53,3,13,334.05002,15
47,77,3,13,88.399994,10
412,26,4,45,49.8,2
105,31,6,55,140,14
105,59,6,55,880,20
105,35,6,3,691.19995,60
105,38,6,3,8263.36,49
105,68,6,3,240,30
36,55,4,42,144,10
36,76,4,42,216,20
141,56,4,66,152,5
141,64,4,66,186.2,7
141,14,3,21,651,35
471,46,4,64,192,20
37,50,2,12,520,40
37,63,2,12,921.37494,35
188,17,6,87,1123.2001,45
188,21,6,87,400,50
188,56,6,87,912,30
188,59,6,87,2464,70
188,17,6,1,1170,50
188,40,6,1,551.25,50
188,47,6,1,171,30
157,26,2,50,249,10
157,54,2,50,236,40
118,56,3,2,851.2,28
118,11,5,52,100.799995,6
118,76,5,52,220.31999,18
78,2,6,39,152,10
78,22,6,39,201.59999,12
78,72,6,39,278,10
477,46,2,15,48,5
477,56,2,15,1094.4,40
477,64,2,15,718.2,30
477,75,2,15,133.92,24
477,53,2,73,393,15
443,19,6,8,87.6,15
443,34,6,8,179.2,20
443,57,6,8,187.2,15
138,12,5,3,456,15
138,16,5,3,222.4,16
138,64,5,3,159.6,6
138,74,5,3,240,30
56,2,2,76,581.39996,45
56,16,2,76,578.935,49
56,29,2,76,2019.6,24
56,61,2,76,1744.2,90
56,27,5,36,1754.9999,50
307,11,2,87,503.99997,30
307,54,2,87,472,80
307,66,2,87,816,60
201,11,2,64,80.64,6
201,28,2,64,436.80002,12
201,17,3,79,312,10
201,26,3,79,373.5,15
201,35,3,79,115.2,8
201,41,3,79,231,30
365,39,3,79,86.399994,6
365,54,3,79,88.5,15
151,19,6,8,78.840004,12
151,24,6,8,64.799995,20
151,31,6,8,27,3
151,52,6,8,75.6,15
151,19,4,37,292,40
151,65,4,37,588,35
151,71,4,37,34.4,2
315,26,2,70,149.4,6
315,40,2,70,294,20
316,10,2,15,347.19998,14
316,52,2,15,112,20
316,62,2,15,1379,35
228,10,4,75,396.8,20
228,54,4,75,28.32,6
228,55,4,18,2073.6,120
228,64,4,18,837.9,35
228,65,4,18,423.36,28
228,77,4,18,514.8,55
200,28,6,76,546,15
200,44,6,76,1472.5,100
18,48,4,84,137.7,15
18,70,4,84,270,25
18,16,6,42,222.4,20
18,33,6,42,32,20
18,46,6,42,76.8,10
311,39,6,73,288,20
311,53,6,73,1310,50
311,61,6,73,570,25
311,71,6,73,516,30
429,21,4,77,272,40
429,49,4,77,285.6,21
429,59,4,77,1584,36
287,26,3,27,747,30
287,28,3,27,1092,30
287,43,3,27,736,20
287,56,3,27,456,15
287,71,3,27,860.00006,50
42,7,1,75,364.8,16
42,46,1,75,182.40001,20
42,72,1,75,1112,40
206,68,2,52,157.5,21
206,75,2,52,18.599998,4
206,21,4,25,240,40
206,30,4,25,434.7,28
206,55,4,25,864.00006,60
183,13,6,39,4.8,1
183,23,6,39,151.2,21
114,19,2,27,153.3,21
114,42,2,27,560,50
114,4,4,26,225.28,16
114,43,4,26,110.399994,3
114,56,4,26,729.6,30
114,60,4,26,544,20
35,24,1,34,90,25
35,29,1,34,1603.8,18
35,40,1,34,294,20
35,45,1,34,205.2,30
35,50,1,34,325,25
102,11,1,78,168,10
102,46,1,78,48,5
102,24,5,47,100.799995,28
102,25,5,47,134.4,12
377,30,2,77,165.6,8
377,43,2,77,552,15
253,2,1,19,516.8,40
253,16,1,19,413.525,35
253,44,1,19,26.35,2
233,18,5,54,1500,30
233,23,5,54,108,15
233,64,5,54,212.8,8
233,7,6,62,720,30
233,56,6,62,608,20
217,24,2,44,273.6,80
217,51,2,44,763.2,18
479,33,4,81,24,12
479,71,4,81,206.40001,12
479,14,4,24,223.20001,12
479,28,4,24,655.2,18
479,40,4,24,308.69998,21
479,75,4,24,62,10
51,31,1,27,297.5,35
51,66,1,27,693.60004,60
51,76,1,27,514.07996,42
160,55,5,9,36.48,2
160,70,5,9,144,12
160,1,6,2,216,15
160,21,6,2,126,21
160,39,6,2,216,20
449,10,5,75,471.19998,20
72,38,3,71,6324,30
72,53,3,71,733.60004,28
72,59,3,71,2640,60
72,64,3,71,798,30
87,47,4,43,228,30
87,59,4,43,528,12
87,49,2,37,384,24
87,60,2,37,1088,40
465,40,5,65,147,10
79,34,2,19,372.4,35
79,77,2,19,296.4,30
79,21,6,62,112,14
79,40,6,62,147,10
79,51,6,62,127.200005,3
345,2,1,83,273.6,20
345,3,1,83,144,20
345,55,1,83,518.4,30
345,70,1,83,648,60
178,11,3,9,84,5
178,51,3,9,1060,25
178,74,3,9,128,16
178,19,6,31,36.5,5
178,26,6,31,747,30
178,54,6,31,106.200005,24
344,59,1,48,1320,30
344,73,1,48,192,20
152,11,2,21,188.99998,15
152,16,2,21,250.2,18
77,59,3,9,2640,60
77,68,3,9,300,30
77,75,3,9,223.2,36
77,44,6,26,197.625,15
77,77,6,26,61.879997,7
184,25,3,1,638.39996,60
184,42,3,1,212.8,20
462,65,4,42,226.79999,15
462,66,4,42,122.4,10
462,69,4,42,259.19998,10
462,56,1,78,912,30
222,23,3,41,72,10
222,41,3,41,154,20
222,77,3,41,52,5
444,31,4,58,190,20
444,56,3,90,425.6,14
444,72,3,90,695,25
444,77,3,90,260,25
431,24,6,9,63,14
431,40,6,9,92,5
431,42,6,9,420,30
69,28,3,25,912,20
69,49,3,25,500,25
220,15,5,42,176.7,12
220,28,5,42,346.56,8
220,54,2,57,149,20
282,45,6,24,199.5,21
282,53,6,24,196.79999,6
282,67,6,24,420,30
128,14,2,12,1627.5,70
128,65,2,12,421,20
128,2,3,19,228,12
128,21,3,19,120,12
128,53,3,19,328,10
128,61,3,19,712.5,25
121,62,1,3,147.9,3
244,25,2,77,226.8,18
244,70,2,77,189,14
244,43,3,68,586.5,15
244,48,3,68,162.5625,15
386,13,5,5,60,10
386,39,5,5,180,10
277,28,5,57,136.79999,3
145,29,6,76,4456.44,36
145,75,6,76,251.1,36
145,4,6,54,935,50
145,7,6,54,1275,50
145,8,6,54,340,10
411,24,4,32,38.25,10
411,46,4,32,91.8,9
411,47,4,32,48.45,6
411,60,4,32,346.8,12
7,21,6,67,320,40
7,32,6,67,1280,50
7,61,6,67,342,15
7,20,1,87,3159,39
7,28,1,87,1596,35
7,56,1,87,2660,70
7,65,1,87,820.94995,39
7,75,1,87,387.5,50
41,9,3,18,1319.2,16
41,16,3,18,872.50006,50
41,27,3,18,5268,120
41,33,3,18,34,16
41,60,3,18,2427.6,84
297,18,3,12,1406.25,25
297,41,3,12,694.8,80
297,42,3,12,280,20
297,52,2,86,42,6
297,59,2,86,220,4
297,70,2,86,90,6
50,24,6,7,22.5,5
50,38,6,7,3952.5,15
50,44,6,7,175.05,9
454,10,5,11,471.2,16
454,56,5,11,1520,40
454,60,5,11,323,10
476,24,6,61,36,8
476,53,6,61,164,5
476,35,3,56,54,3
476,41,3,56,96.5,10
476,68,3,56,75,6
364,1,4,90,576,40
364,8,4,90,960,24
364,30,4,90,414.24,20
364,40,4,90,368,25
332,17,3,44,877.5,25
332,20,3,44,1093.5,15
332,37,3,44,421.2,18
332,41,3,44,52.109997,6
332,10,5,79,62,2
332,30,5,79,258.9,10
332,43,5,79,2760,60
332,54,5,79,111.75,15
263,36,3,54,570,30
263,40,3,54,248.4,15
446,1,1,73,122.4,8
446,13,1,73,60,10
446,56,1,73,969,30
446,4,5,18,990,50
446,36,5,18,513,30
459,11,1,6,63,3
459,33,1,6,16,8
459,72,1,6,313.19998,9
5,55,2,80,336,14
5,68,2,80,250,20
5,69,2,80,360,10
99,17,2,21,1560,40
99,43,2,21,1150,25
99,61,2,21,570,20
99,76,2,21,900,50
99,59,1,33,110,2
187,30,5,91,388.34998,15
187,66,5,91,408,24
248,4,2,52,1045,50
248,72,2,52,835.19995,24
248,73,2,52,342,24
248,30,4,90,258.9,10
248,40,4,90,147.2,10
248,54,4,90,59.6,10
306,11,6,68,945,50
306,40,6,68,165.59999,10
306,57,6,68,87.75,5
306,59,6,68,742.5,15
146,12,5,90,427.5,15
146,31,5,90,250,20
146,33,5,90,75,30
146,60,5,90,892.5,35
146,31,6,82,375,30
146,51,6,82,318,6
146,58,6,82,265,20
146,72,6,82,730.8,21
146,73,6,82,135,9
17,70,6,62,105,7
17,72,6,62,34.8,1
103,13,2,62,48,8
103,21,2,62,150,15
103,33,2,62,37.5,15
103,49,2,62,120,6
212,3,6,18,600,60
212,26,6,18,1249.2,40
212,38,6,18,7905,30
212,68,6,18,437.5,35
212,24,3,40,141.75,35
212,38,3,40,948.6,4
212,65,3,40,682.01996,36
212,71,3,40,174.15,9
337,11,5,77,299.25,15
337,54,5,77,169.86,24
321,12,4,25,969,30
321,23,4,25,535.5,70
321,28,3,17,319.19998,7
321,67,3,17,98,7
378,11,4,65,210,10
400,7,5,75,300,10
400,35,5,75,540,30
400,62,5,75,1972,40
400,32,1,44,652.8,24
400,36,1,44,1140,60
366,34,4,8,105,10
366,41,4,8,135.09999,14
92,31,3,18,584.375,55
92,45,3,18,807.5,100
92,51,3,18,2162.4,48
119,17,4,49,280.8,8
119,19,4,49,92,10
119,21,4,49,54,6
119,61,4,49,256.5,10
119,16,5,26,593.30005,40
119,35,5,26,306,20
119,44,5,26,778,40
224,69,4,9,648,18
224,75,4,9,232.5,30
94,11,3,73,315,15
94,16,3,73,244.30002,14
94,22,3,73,504,24
94,31,3,73,375,30
94,35,3,73,108,6
94,16,6,5,497.325,30
94,23,6,5,171,20
94,62,6,5,936.7,20
94,77,6,5,123.5,10
172,14,2,76,558,30
172,19,2,76,257.6,35
172,24,2,76,64.8,18
172,51,2,76,848,20
172,56,2,76,1216,40
288,72,6,53,835.19995,24
288,64,4,90,997.5,30
288,75,4,90,155,20
116,47,3,84,237.5,25
116,51,3,84,1060,20
116,52,3,84,210,30
116,53,3,84,590.39996,18
116,73,3,84,45,3
467,41,4,15,110.009995,12
467,55,4,15,410.4,18
330,30,2,48,517.8,20
330,62,2,48,554.625,15
330,44,6,52,194.5,10
330,51,6,52,2650,50
227,33,4,64,45,20
227,62,4,64,443.69998,10
3,36,1,37,475,25
3,52,1,37,490,70
3,17,5,71,592.8,16
3,31,5,71,71.25,6
3,55,5,71,570,25
19,24,4,3,101.25,25
19,64,4,3,538.65,18
140,11,4,15,624.75,35
140,18,4,15,956.25,18
140,76,4,15,180,10
140,31,2,12,600,60
140,51,2,12,159,3
140,59,2,12,1760,40
98,10,3,66,155,5
209,31,2,71,350,35
209,76,2,71,540,30
132,11,2,3,299.25,15
132,56,2,3,2166,60
132,14,2,87,217.3875,11
132,42,2,87,333.2,28
296,16,1,79,188.46,12
296,32,1,79,288,10
296,40,1,79,920,50
296,75,1,79,104.625,15
396,17,2,68,702,18
396,34,2,68,560,40
396,53,2,68,820,25
396,33,3,16,35,14
396,40,3,16,36.8,2
396,62,3,16,493,10
396,64,3,16,199.5,6
115,59,6,20,660,12
115,63,6,20,263.40002,6
115,72,6,20,1044,30
115,76,6,20,180,10
276,1,3,7,180,10
276,31,3,7,250,20
276,44,3,7,408.45,21
276,39,5,16,180,10
276,75,5,16,155,20
276,77,5,16,234,18
384,35,6,62,360,20
384,57,6,62,117,6
295,15,6,69,155,10
295,75,6,69,162.75,21
89,14,3,5,331.3125,15
89,41,3,5,82.5075,9
89,65,3,5,599.925,30
89,75,5,32,310,50
43,57,6,57,78,4
43,76,6,57,252,14
375,29,3,73,1237.9,10
375,60,3,73,693.6,24
375,69,3,73,306,10
375,31,1,15,593.75,50
159,47,6,72,142.5,15
434,52,1,64,23.8,4
434,26,1,13,187.38,6
434,35,1,13,360,20
434,77,1,13,260,20
432,18,5,18,2000,40
432,42,5,18,1120,100
84,35,3,6,72,4
175,1,5,3,360,20
175,77,5,3,741,60
175,3,2,34,140,14
175,7,2,34,300,10
175,54,2,34,372.5,50
352,15,2,90,368.125,25
352,26,2,90,148.3425,5
376,20,5,90,1360.8,21
376,69,5,90,576,20
376,76,5,90,57.6,4
376,52,6,36,168,24
376,58,6,36,397.5,30
127,35,6,87,405,30
127,61,6,87,2565,120
127,69,6,87,1755,65
95,56,1,19,152,5
95,63,1,19,842.88,24
95,75,1,19,186,30
95,24,4,21,126,35
95,57,4,21,390,20
95,65,4,21,202.07999,12
448,27,1,71,2195,50
448,71,1,71,193.5,9
250,62,4,62,493,10
395,54,6,46,29.8,4
395,73,6,46,450,30
395,13,1,9,360,60
395,59,1,9,1925,35
29,77,1,34,48.75,5
312,22,2,76,1008,48
312,49,2,76,475,25
312,48,6,26,68.85,6
312,76,6,26,162,10
86,16,3,3,497.325,30
86,59,3,3,1045,20
86,60,3,3,2261,70
86,71,3,3,306.375,15
88,4,3,58,352,20
88,55,3,58,384,20
88,62,3,58,394.4,10
88,7,6,76,1350,45
88,17,6,76,3900,100
88,33,6,76,35,14
88,40,6,76,772.8,42
88,72,6,76,417.59998,12
195,56,6,8,1064,28
279,1,6,28,54,3
279,10,6,28,310,10
279,21,6,28,60,6
133,36,6,42,299.25,21
133,1,3,60,108,6
133,2,3,60,190,10
133,60,3,60,510,15
355,10,1,76,2170,70
355,36,1,76,1045,55
355,49,1,76,360,18
355,60,1,76,1360,40
355,76,1,76,1440,80
265,13,5,9,43.2,8
265,75,5,9,310,40
265,11,4,57,294,14
265,21,4,57,80,8
265,39,4,57,90,5
120,55,6,10,120,5
126,38,1,6,3754.875,15
126,56,1,6,532,14
126,70,1,6,213.75,15
126,71,1,6,306.375,15
126,59,6,6,1402.5,30
14,6,1,3,1750,70
14,56,1,3,760,20
14,68,1,3,187.5,15
182,21,4,3,420,42
182,22,4,3,840,40
424,24,2,41,22.5,5
424,52,2,41,35,5
424,19,4,81,46,5
424,23,4,81,90,10
424,70,4,81,300,20
424,71,4,81,322.5,15
299,2,2,37,380,20
299,68,2,37,180,18
208,14,6,48,488.25,21
208,19,6,48,124.2,15
208,21,6,48,225,25
208,24,6,48,13.5,3
208,35,6,48,486,30
208,28,3,59,456,10
208,29,3,59,742.74,6
208,44,3,59,194.5,10
158,14,3,63,69.75,3
158,42,3,63,70,5
158,60,3,63,340,10
16,53,2,79,393.59998,12
16,60,2,79,680,20
16,71,2,79,430,20
16,62,4,76,739.5,15
16,73,4,76,446.25,35
199,1,2,15,450,25
199,29,4,49,2475.8,20
199,64,4,49,299.25,9
164,55,1,77,273.6,12
164,76,1,77,630,35
383,75,3,42,55.8,8
383,2,3,67,541.5,30
383,33,3,67,47.5,20
205,12,5,87,1162.8,36
205,13,5,87,66.3,13
205,26,5,87,929.09247,35
205,62,5,87,3352.4,80
205,7,5,43,1050,35
205,18,5,43,3125,50
205,51,5,43,795,15
205,75,5,43,15.5,2
144,4,3,47,198,10
144,5,3,47,288.225,15
144,22,3,47,840,40
247,4,4,73,550,25
247,58,4,73,79.5,6
247,11,6,31,210,10
247,50,6,31,385.9375,25
247,56,6,31,2166,60
171,45,2,83,190,20
171,65,2,83,442.05,21
171,72,2,83,2088,60
171,18,5,61,500,8
229,69,4,67,540,20
229,70,4,67,168.75,15
111,2,4,9,950,50
111,40,4,9,1104,60
111,21,5,53,240,30
111,61,5,53,456,20
32,28,2,51,513,15
32,39,2,51,283.5,21
32,46,2,51,18,2
32,18,1,72,225,4
32,43,1,72,920,20
32,46,1,72,226.8,21
442,18,1,40,1250,20
442,36,1,40,285,15
460,1,5,12,202.5,15
460,10,5,12,418.5,18
460,71,5,12,483.75,30
460,77,5,12,341.25,35
460,19,1,13,276,30
460,39,1,13,360,20
374,22,2,37,315,15
374,24,2,37,57.375,15
374,28,1,80,912,20
374,72,1,80,522,15
40,30,6,32,776.69995,30
40,53,6,32,779,25
40,54,6,32,223.5,30
318,19,5,67,82.799995,12
318,22,5,67,315,20
318,30,2,55,38.835,2
318,42,2,55,280,20
231,16,5,48,471.15002,30
231,60,5,48,612,20
231,4,6,79,237.6,12
231,39,6,79,324,20
231,54,6,79,40.23,6
67,41,5,64,154.4,20
350,14,4,6,62.775,3
350,44,4,6,490.14,28
350,47,4,6,51.3,6
350,15,5,76,775,50
350,41,5,76,231.59999,24
350,46,5,76,540,45
350,47,5,76,95,10
350,56,5,76,1710,45
350,60,5,76,1020,30
197,21,1,18,600,60
197,40,1,18,1223.6,70
197,60,1,18,1776.5,55
197,77,1,18,864.5,70
197,31,2,31,237.5,20
197,40,2,31,419.52,24
197,70,2,31,570,40
357,20,2,46,1701,21
207,39,6,12,43.2,3
207,58,6,12,519.4,49
207,68,1,17,125,10
234,40,6,54,524.39996,30
234,42,6,54,399,30
234,51,6,54,1007,20
234,10,3,26,632.4,24
234,56,3,26,387.6,12
234,65,3,26,268.38748,15
380,51,2,17,1060,20
380,59,2,17,55,1
380,76,2,17,180,10
192,29,4,82,4456.44,36
192,65,4,82,210.5,10
192,69,6,87,1296,45
192,71,6,87,240.8,14
291,31,1,67,90,8
291,55,1,67,86.4,4
291,64,1,67,448.875,15
291,36,4,53,570,30
191,23,1,48,288,32
191,46,1,48,720,60
191,67,1,48,350,25
191,73,1,48,750,50
191,75,1,48,193.75,25
198,16,3,38,174.5,10
198,62,3,38,493,10
198,65,3,38,252.59999,12
198,38,6,79,3557.25,15
198,71,6,79,258,12
371,16,6,10,52.350002,3
371,42,6,10,84,6
371,43,6,10,276,6
371,23,3,81,45,5
293,14,6,48,697.5,30
293,53,6,48,328,10
293,58,6,48,397.5,30
269,10,5,7,62,2
269,19,5,7,64.4,7
269,44,5,7,408.45,21
269,26,5,68,796.365,30
269,33,5,68,17,8
387,12,1,76,3800,100
387,33,1,76,75,30
387,41,1,76,1158,120
387,54,1,76,223.5,30
387,59,5,15,660,12
211,16,1,36,654.375,50
211,31,1,36,187.5,20
211,42,1,36,420,40
473,19,3,6,248.4,30
473,21,3,6,108,12
473,64,3,6,931,28
473,33,1,68,75,30
473,66,1,68,68,4
473,75,1,68,232.5,30
143,52,1,28,63,9
143,40,1,5,368,20
143,47,1,5,380,40
143,60,1,5,1020,30
23,10,2,55,620,20
23,41,2,55,38.6,4
23,47,2,55,142.5,15
4,17,6,21,936,30
4,26,6,21,468.44998,15
4,9,4,12,3637.5,50
4,29,4,12,1237.9,10
4,36,4,12,85.5,6
96,10,6,34,502.2,18
96,28,6,34,2462.4,60
96,34,6,34,196,14
96,1,6,79,472.5,35
343,56,4,40,570,20
343,77,4,40,292.5,30
478,1,3,18,540,30
478,29,3,18,4951.6,40
478,43,3,18,1840,40
478,44,3,18,466.80002,24
478,62,3,18,2366.4,48
478,63,2,51,878,20
73,9,3,19,582,6
73,54,3,19,379.94998,60
73,69,3,19,918,30
73,73,3,19,191.25,15
73,7,1,18,2700,90
73,59,1,18,1375,25
73,70,1,18,750,50
314,8,6,10,400,10
314,12,6,10,152,4
314,24,6,10,90,20
74,17,5,19,780,20
74,46,5,19,216,18
74,19,5,83,48.3,7
74,35,5,83,121.5,9
74,58,5,83,298.125,30
74,70,5,83,337.5,30
340,11,4,87,315,15
340,17,4,87,296.4,8
340,29,4,87,1411.206,12
340,65,4,87,1299.8374,65
340,70,4,87,114,8
340,47,4,20,114,12
52,1,5,76,72,5
52,34,5,76,134.4,12
52,68,5,76,400,40
52,71,5,76,1032,60
439,59,6,12,1963.5,42
439,71,6,12,365.5,20
439,76,6,12,535.5,35
439,3,3,51,60,6
439,76,3,51,270,15
458,2,1,52,95,5
458,59,1,52,1925,35
458,73,1,52,525,35
458,4,5,31,132,6
458,24,5,31,157.5,35
458,48,5,31,306,24
275,31,2,9,250,20
275,32,2,9,128,4
189,16,3,36,349,20
189,43,3,36,1104,24
189,59,3,36,440,8
189,55,5,84,504,21
189,57,5,84,780,40
189,70,5,84,357,28
54,5,5,89,85.4,4
54,36,5,89,95,5
54,8,5,55,1600,40
54,51,5,55,1484,28
54,60,5,55,340,10
334,19,1,45,46,5
334,47,1,45,47.5,5
202,19,1,76,110.399994,12
202,41,1,76,405.3,42
202,53,1,76,3936,120
202,53,4,12,93.479996,3
202,56,4,12,1140,30
125,10,2,76,558,18
125,26,2,76,936.89996,30
125,45,2,76,1045,110
125,46,2,76,288,24
125,2,4,76,427.5,30
125,17,4,76,789.75,27
125,47,4,76,356.25,50
125,56,4,76,513,18
125,58,4,76,119.25,12
33,10,1,54,651,21
33,71,1,54,645,30
394,21,4,70,50,5
394,51,4,70,371,7
394,61,4,70,285,10
394,21,6,48,304,32
394,54,6,48,111.75,15
394,69,6,48,855,25
113,12,3,77,1368,36
113,16,3,77,349,20
113,36,3,77,760,40
113,62,3,77,986,20
113,18,2,69,562.5,12
113,30,2,69,58.2525,3
113,54,2,69,223.5,40
85,35,1,13,378,21
85,71,1,13,172,8
408,44,2,18,923.87506,50
408,2,6,76,57,3
408,31,6,76,625,50
408,68,6,76,562.5,45
408,75,6,76,325.5,42
238,26,3,19,468.44998,15
238,10,6,3,496,16
238,61,6,3,142.5,5
162,41,3,32,115.799995,12
162,52,3,32,28,4
162,55,3,32,144,6
356,4,3,91,550,25
356,11,3,91,105,5
356,17,5,64,741,20
356,56,5,64,361,10
356,59,5,64,522.5,10
347,30,4,31,388.34998,15
347,40,4,31,110.399994,6
347,55,4,31,288,12
347,60,4,31,510,15
347,1,4,83,900,50
347,21,4,83,300,30
347,50,4,83,650,40
373,16,1,54,248.6625,15
373,31,1,54,35.625,3
373,65,1,54,199.97499,10
232,21,3,11,380,40
232,51,3,11,1510.5,30
232,76,2,54,360,20
112,14,6,79,372,16
112,28,6,79,912,20
112,52,6,79,175,25
112,6,1,55,750,30
112,30,1,55,388.34998,15
112,76,1,55,360,20
142,61,4,69,513,20
142,77,4,69,23.4,2
335,65,2,12,842,40
335,75,2,12,155,20
335,13,1,88,24,4
335,41,1,88,115.799995,12
423,16,1,35,52.350002,3
423,36,1,88,114,6
423,52,1,88,126,18
455,28,2,19,182.4,5
455,35,2,19,504,35
455,45,2,19,304,40
455,56,2,19,425.6,14
122,2,2,84,228,15
122,3,3,1,200,20
122,60,3,1,1700,50
122,72,3,1,1218,35
329,46,3,84,319.2,28
329,40,3,34,736,50
401,18,2,18,1500,24
401,44,2,18,311.2,16
401,59,2,18,2475,45
401,72,2,18,243.59999,7
368,13,6,11,36,6
368,42,6,11,392,28
368,62,6,11,443.69998,9
368,69,6,11,1440,40
368,31,5,21,100,8
368,41,5,21,337.75,35
368,63,5,21,395.1,9
368,69,5,21,1080,30
324,23,5,76,396,44
324,40,5,76,736,40
324,56,5,76,1064,28
324,56,2,81,570,15
324,59,2,81,330,6
324,76,2,81,180,10
402,14,1,73,98.8125,5
402,45,1,73,323,40
402,59,1,73,1168.75,25
405,26,5,82,337.284,12
405,30,5,82,776.69995,30
405,50,5,82,292.5,20
405,73,5,82,225,15
405,1,2,86,144,8
405,69,2,86,108,3
445,45,5,45,38,4
445,74,5,45,50,5
445,40,5,47,55.199997,3
97,47,1,54,213.75,30
97,56,1,54,855,30
97,57,1,54,204.75,14
97,69,1,54,675,25
349,18,1,50,1050,21
349,36,1,50,304,20
349,68,1,50,60,6
349,69,1,50,576,20
349,34,6,76,420,30
349,59,6,76,385,7
349,62,6,76,1479,30
349,64,6,76,798,24
367,26,5,82,624.6,20
367,52,5,82,420,60
367,70,5,82,600,40
367,32,4,63,320,10
124,25,5,80,126,12
124,27,5,80,1756,40
124,43,5,80,1035,30
359,25,2,71,367.5,35
359,75,2,71,139.5,18
359,39,6,52,288,16
359,47,6,52,285,30
359,51,6,52,1484,28
359,56,6,52,2280,60
480,21,2,43,400,40
480,22,2,43,126,6
480,24,2,43,90,20
480,3,4,87,180,20
480,39,4,87,2106,130
223,65,5,18,1515.6,80
416,2,3,5,760,40
416,7,3,5,1050,35
416,68,3,5,500,40
416,42,4,27,28,2
218,22,6,84,84,4
218,31,6,84,625,50
218,60,6,84,510,15
218,71,6,84,258,12
218,41,3,34,275.025,30
218,52,3,34,99.75,15
218,61,3,34,570,20
218,62,3,34,739.5,15
391,11,2,40,236.25,15
181,71,2,87,344,16
181,29,3,90,2228.22,18
181,59,3,90,1375,25
155,17,1,87,1287,33
155,31,1,87,700,70
155,75,1,87,43.4,7
155,31,3,52,18.75,2
155,66,3,52,850,50
148,10,4,59,186,6
148,67,4,59,42,3
213,31,5,87,190,16
213,42,5,87,159.6,12
213,45,5,87,243.675,27
213,51,5,87,6042,120
213,42,5,55,224,20
91,41,2,79,96.5,10
91,16,4,20,349,20
91,62,4,20,986,20
91,70,5,25,525,35
91,77,5,25,195,15
131,54,4,73,17.88,3
131,56,4,73,608,20
131,74,4,73,350,35
131,31,6,56,12.5,1
1,31,4,40,125,10
1,38,4,40,1317.5,5
1,36,5,47,570,30
1,39,5,47,30.6,2
1,72,5,47,887.39996,30
1,10,4,4,310,10
1,75,4,4,77.5,10
130,8,2,31,960,30
130,30,2,31,310.68,15
130,75,2,31,260.4,42
130,2,6,42,270.75,15
130,29,6,42,2352.01,20
464,19,3,18,437,50
464,75,3,18,294.5,40
464,18,5,43,1875,30
464,35,5,43,270,15
464,63,5,43,1317,30
464,68,5,43,225,18
464,7,4,55,76.5,3
464,56,4,55,646,20
475,29,6,48,1646.407,14
475,41,6,48,183.34999,20
475,2,1,60,190,10
475,54,1,60,22.349998,3
475,68,1,60,187.5,15
177,41,6,84,135.09999,14
177,52,6,84,56,8
177,14,3,13,279,15
177,54,3,13,35.76,6
177,16,4,87,1134.25,65
177,17,4,87,1023.75,35
39,26,4,9,524.664,21
39,44,4,9,194.5,10
39,64,4,9,931,35
39,69,4,9,691.2,24
39,11,3,30,420,20
53,62,2,81,98.6,2
53,72,2,81,348,10
53,13,3,77,102,20
53,24,3,77,76.5,20
53,59,3,77,1375,25
53,11,6,44,945,50
53,51,6,44,477,10
53,54,6,44,46.934998,7
21,17,1,74,1170,40
21,29,1,74,1856.85,20
21,30,4,53,485.4375,25
21,51,4,53,1192.5,30
21,55,4,53,1080,60
21,62,4,53,184.875,5
259,19,4,72,209.76,24
259,25,4,72,199.5,15
259,59,4,72,783.75,15
259,10,5,44,1116,36
259,28,5,44,1094.3999,24
259,49,5,44,68,4
259,34,1,89,140,10
259,38,1,89,2635,10
165,2,6,75,285,20
165,65,6,75,42.1,2
165,74,6,75,112.5,15
165,40,6,45,18.4,1
25,56,2,36,646,20
25,76,2,36,765,50
25,52,4,72,140,20
25,13,5,41,42,7
25,25,5,41,70,5
25,70,5,41,75,5
283,19,2,83,138,15
283,23,2,83,162,18
283,40,2,83,552,30
283,31,5,64,180,16
283,72,5,64,1252.7999,40
283,77,5,64,260,20
176,2,1,37,182.4,12
176,46,1,37,420,35
176,41,1,75,193,20
176,43,1,75,782,20
176,48,1,75,86.7,8
176,61,1,75,726.75,30
176,33,6,76,40,16
302,38,3,6,7509.75,30
302,62,3,6,936.7,20
302,26,2,77,1061.82,40
302,38,2,77,7905,30
302,40,2,77,938.39996,60
302,62,2,77,1047.625,25
58,32,5,47,640,20
58,41,5,47,193,20
58,43,4,56,322,7
58,75,4,56,155,20
58,56,6,71,1140,30
252,35,2,50,360,20
252,51,2,50,318,6
252,62,3,16,147.9,3
252,70,3,16,90,6
438,11,3,25,378,20
438,57,3,25,292.5,15
438,59,3,25,1980,40
438,77,3,25,175.5,15
438,41,1,52,115.799995,12
438,70,1,52,135,9
438,26,3,30,374.76,12
438,53,3,30,656,20
417,31,4,15,437.5,35
417,57,4,15,292.5,15
417,10,3,54,465,15
417,39,3,54,378,21
388,20,4,70,405,5
388,38,4,70,527,2
388,2,1,81,190,10
388,8,1,81,800,20
388,13,1,81,60,10
388,60,1,81,714,21
388,6,3,58,150,6
388,39,3,58,504,28
388,60,3,58,1020,30
388,68,3,58,300,24
362,19,5,61,18.4,2
362,35,5,61,144,8
362,38,5,61,2108,8
362,43,5,61,414,9
362,13,6,42,14.4,3
362,25,6,42,112,10
362,44,6,42,248.96,16
362,64,6,42,99.75,3
230,7,3,5,540,20
230,31,3,5,101.25,9
230,53,3,5,265.68,9
230,29,2,58,940.804,8
230,30,2,58,491.90997,20
230,59,2,51,825,15
230,77,2,51,20.8,2
372,22,2,87,1092,52
372,35,2,87,108,6
372,57,2,87,468,24
372,60,2,87,2040,60
372,64,2,87,997.5,30
372,13,5,79,36,6
372,40,5,79,460,25
372,47,5,79,285,40
372,76,5,79,283.5,21
399,1,6,83,54,4
399,18,6,83,1171.875,25
399,36,6,83,712.5,50
399,58,3,58,357.75,30
399,72,3,58,469.8,15
399,25,4,83,67.2,6
399,39,4,83,144,10
404,10,1,27,496,16
404,56,1,27,1140,30
404,59,1,27,2750,50
404,77,1,27,195,15
404,11,3,7,315,15
404,43,3,7,230,5
404,68,3,7,250,20
404,70,3,7,180,12
453,51,6,75,159,4
453,22,1,21,735,35
453,23,5,18,567,70
453,35,5,18,405,25
453,42,5,18,529.2,42
453,58,5,18,715.5,60
453,64,5,18,1596,48
107,4,3,27,462,21
107,70,3,27,450,30
107,74,3,27,200,20
107,1,4,76,1152,80
107,19,4,76,88.32,12
107,37,4,76,1248,60
107,45,4,76,273.6,36
107,60,4,76,1224,45
107,71,4,76,946,55
341,5,3,39,640.5,30
341,9,3,39,291,3
341,3,5,77,490,49
341,26,5,77,477.819,18
341,25,1,75,238,20
341,33,1,75,8.5,4
341,70,1,75,382.5,30
461,2,3,37,90.25,5
461,25,3,37,133,10
461,57,3,37,185.25,10
461,59,3,37,2194.5,42
461,2,5,71,285,15
461,17,5,71,234,6
461,62,5,71,2465,50
310,18,1,57,625,10
310,10,2,87,2635,100
310,13,2,87,331.5,65
310,16,2,36,872.50006,50
310,31,2,36,175,14
310,56,2,36,912,24
310,65,2,36,268.38748,15
100,2,6,68,380,20
100,42,6,68,280,20
100,3,4,79,300,30
100,26,4,79,819.7875,35
100,29,4,79,928.425,10
271,7,5,22,150,5
271,27,5,22,439,10
271,70,5,22,60,4
271,24,2,48,135,40
271,54,2,48,195.5625,35
271,64,2,48,748.125,30
271,51,6,38,159,3
271,76,6,38,360,20
163,17,3,19,1638,42
163,18,3,19,1250,20
163,21,3,19,400,40
163,33,3,19,87.5,35
163,62,3,19,147.9,3
163,11,4,90,525,25
163,52,4,90,56,8
135,1,3,9,306,20
135,58,3,9,135.15,12
135,35,4,84,72,4
135,67,4,84,210,15
135,38,4,18,15019.5,60
135,39,4,18,1368,80
410,2,1,79,299.25,21
410,24,1,79,20.25,6
410,30,1,79,776.69995,40
410,53,5,17,98.399994,3
137,26,2,31,624.6,20
137,35,2,31,540,30
137,49,2,31,756,42
137,1,1,44,720,40
137,11,1,44,210,10
137,23,1,44,450,50
137,68,1,44,250,20
137,35,3,60,54,3
137,51,3,60,106,2
268,6,3,54,1187.5,50
268,16,3,54,198.93001,12
268,17,3,54,592.8,16
268,55,4,49,228,10
268,62,4,49,936.7,20
268,64,4,49,473.8125,15
268,65,4,49,419.94748,21
241,21,1,10,200,20
241,28,1,10,136.79999,3
241,10,6,49,310,10
241,19,2,79,230,25
241,47,2,79,179.55,21
241,49,2,79,300,15
326,46,4,54,252,21
326,64,4,54,665,20
326,16,5,37,392.62503,30
326,18,5,37,1562.5,25
457,20,1,18,1539,20
457,40,3,10,220.79999,12
457,65,3,10,210.5,10
457,76,3,10,180,10
457,23,4,52,216,30
457,61,4,52,684,30
457,70,4,52,600,50
325,73,5,56,150,10
325,42,5,76,350,25
325,49,5,76,340,20
325,54,5,76,202.64,32
472,24,6,17,36,8
472,21,4,69,380,40
472,56,4,69,758.1,21
472,65,4,69,239.96999,12
472,2,4,27,380,20
472,24,4,27,54,12
472,70,4,27,450,30
472,77,4,27,325,25
385,10,6,40,2170,70
385,31,6,40,437.5,35
385,77,6,40,520,40
385,25,5,66,70,5
346,2,3,49,380,20
346,68,3,49,225,18
346,11,1,71,840,40
346,38,1,71,10540,40
346,17,6,28,585,15
346,34,6,28,140,10
346,41,6,28,135.09999,14
38,30,5,90,368.9325,15
38,59,1,80,2090,40
193,8,6,77,1200,30
193,24,6,77,45,10
193,29,6,77,2970.96,24
193,30,6,77,906.14996,35
193,36,6,77,380,20
193,13,3,76,159.6,28
193,69,3,76,1710,50
193,75,3,76,883.5,120
193,24,3,87,495,110
193,39,3,87,810,45
193,40,3,87,1674.4,91
193,60,3,87,3400,100
210,45,1,80,142.5,15
210,56,1,80,608,16
210,29,6,12,9903.2,80
210,30,6,12,932.04,36
426,13,2,33,30,5
426,39,6,25,122.4,8
426,70,1,72,33.75,3
239,41,3,9,289.5,30
239,71,3,9,645,30
239,55,6,52,612,30
239,62,6,52,251.43,6
161,13,6,40,240,40
161,65,6,40,442.05,21
161,68,6,40,250,20
161,58,1,19,198.75,15
161,62,1,19,1725.5,35
161,1,6,72,342,20
422,61,1,60,427.5,15
422,75,5,35,108.5,14
28,7,2,64,570,20
28,52,2,64,93.1,14
28,7,2,61,360,12
28,16,2,61,261.75,15
28,41,2,61,48.25,5
28,19,3,10,110.399994,12
28,49,3,10,200,10
28,61,3,10,142.5,5
28,1,2,49,180,10
28,17,2,49,468,12
28,67,2,49,210,15
28,11,6,12,630,40
28,29,6,12,5570.55,60
28,4,6,31,495,30
28,33,6,31,75,40
28,58,6,31,198.75,15
382,71,6,31,537.5,25
382,17,4,7,390,10
382,33,4,7,75,30
382,54,4,7,74.5,10
382,16,2,70,104.700005,6
382,32,2,70,192,6
382,57,2,70,390,20
180,30,6,14,25.89,1
180,60,6,14,340,10
180,1,2,1,810,60
180,60,2,1,637.5,25
180,16,2,83,418.80002,24
180,25,2,83,336,24
180,40,2,83,368,20
360,50,3,84,390,24
360,35,1,34,180,10
360,63,1,34,1756,40
360,17,5,40,585,15
360,24,5,40,157.5,35
360,42,6,42,112,10
360,43,6,42,368,10
360,67,6,42,268.8,24
273,10,6,79,558,20
273,28,6,79,1231.2,30
273,75,6,79,46.5,6
273,36,6,40,403.75,25
273,52,6,40,71.4,12
273,11,5,63,42,2
273,13,5,63,60,10
273,19,5,63,64.4,7
273,72,5,63,348,10
309,20,3,22,405,5
309,52,3,22,35,5
309,76,3,22,360,20
309,47,1,66,47.5,5
309,76,1,66,90,5
309,21,6,48,600,60
309,75,6,48,379.75,49
309,77,6,48,195,15
281,21,4,27,360,36
281,27,4,27,1097.5,25
281,55,4,27,480,25
281,58,4,27,318,30
281,13,3,82,214.2,42
281,57,3,82,585,30
281,16,1,54,471.15002,30
281,62,1,54,621.18,14
281,72,1,54,556.8,16
281,75,1,54,139.5,20
281,53,6,81,65.6,2
281,61,6,81,855,30
49,6,4,90,500,20
49,1,5,72,378,21
49,18,5,72,187.5,4
49,23,5,72,54,8
49,36,1,6,456,30
71,28,2,56,364.8,8
71,34,2,56,280,20
71,13,4,18,90,20
71,43,4,18,828,24
71,60,4,18,1249.5,49
71,71,4,18,564.375,35
71,2,6,47,161.5,10
71,67,6,47,476,40
174,7,3,54,240,8
174,13,3,54,120,20
174,31,5,76,412.5,44
174,62,5,76,1109.25,30
174,68,5,76,750,80
174,72,5,76,1740,50
174,49,3,64,560,28
174,13,3,62,90,15
174,22,3,62,441,21
174,46,3,62,180,15
369,11,3,1,78.75,5
369,44,3,1,262.575,18
369,56,3,1,684,18
369,13,3,20,120,20
369,31,3,20,125,10
369,10,2,34,775,25
369,24,2,34,112.5,25
369,77,2,34,520,40
270,59,5,62,220,4
270,50,5,49,146.25,9
270,51,5,49,2120,40
270,55,5,49,96,4
270,6,6,1,300,12
270,10,6,1,930,30
270,17,6,1,234,6
270,62,6,1,2958,60
57,4,5,47,110,5
57,33,1,82,35.625,15
57,41,1,82,55.004997,6
57,75,1,82,368.125,50
57,6,6,51,380,16
57,28,6,51,91.2,2
57,20,5,84,3847.5,50
57,31,5,84,593.75,50
433,16,4,83,415.31003,28
433,31,4,83,265.625,25
433,45,4,83,285,30
433,60,4,83,693.6,24
433,75,1,52,74.4,12
433,21,6,57,120,12
433,47,6,57,133,14
433,51,6,57,424,8
61,30,5,9,776.69995,30
61,35,5,9,720,40
61,64,5,9,266,8
61,5,3,33,427,20
61,7,3,33,180,6
61,72,3,33,174,5
61,75,1,55,131.75,20
342,24,3,9,33.75,10
342,41,3,9,231.59999,24
342,52,3,31,39.9,6
342,76,3,31,1080,60
342,7,4,18,1350,45
342,13,4,18,462,77
342,53,4,18,656,20
342,69,4,18,324,9
342,76,4,18,792,44
342,60,1,26,57.8,2
221,18,2,35,375,6
221,38,2,35,1317.5,5
221,69,2,35,360,10
221,51,4,36,848,16
221,37,1,11,208,8
221,56,1,11,387.6,12
221,62,1,11,502.86,12
136,19,3,8,110.399994,12
136,49,3,8,800,40
136,12,5,87,1140,30
136,24,5,87,135,30
136,64,5,87,133,4
136,46,2,78,108,9
290,52,3,74,224,40
290,29,6,38,1733.06,14
290,17,3,22,234,6
290,33,3,22,17.5,7
290,26,2,22,156.15,5
290,41,2,22,57.899998,6
290,75,2,22,77.5,10
419,63,6,50,439,10
419,8,4,1,640,16
419,75,4,1,77.5,10
419,28,3,9,912,20
82,39,4,52,540,30
82,47,4,52,285,30
82,51,4,52,530,10
82,63,4,52,878,20
82,8,3,80,680,20
82,21,3,80,340,40
82,40,3,80,184,10
82,44,3,80,99.195,6
82,7,2,87,540,18
82,12,2,87,760,20
82,24,2,87,360,80
82,27,2,87,1317,30
82,31,2,87,300,24
82,63,2,87,1536.5,35
409,75,4,52,248,40
409,38,5,40,15810,60
409,7,6,1,600,20
409,43,6,1,414,9
409,13,1,76,428.4,84
409,57,1,76,292.5,15
379,16,4,76,959.75006,55
379,24,4,76,90,20
379,36,4,76,760,40
379,16,2,12,565.38,36
379,18,2,12,450,8
379,32,2,12,1008,35
379,11,3,33,630,30
379,20,3,33,1215,15
379,76,3,33,180,10
379,77,3,33,195,15
109,7,6,91,1800,60
109,43,6,91,276,6
109,72,6,91,696,20
109,7,1,71,1800,60
109,62,1,71,1774.7999,40
109,6,2,13,1000,40
109,11,2,13,315,15
109,41,2,13,38.6,4
381,21,5,87,650,65
381,34,5,87,714,60
381,55,5,87,1326,65
381,61,5,87,1598.85,66
381,2,5,18,760,50
381,70,5,18,240,20
381,76,5,18,1296,90
381,72,3,89,69.6,2
381,29,2,52,4642.125,50
381,41,2,52,253.31248,35
358,59,2,34,940.5,18
358,51,2,24,1060,20
358,60,2,24,136,4
358,42,6,18,560,40
255,32,5,25,1600,50
255,46,5,25,180,20
255,52,5,25,105,20
255,24,5,60,54,12
255,61,5,60,199.5,7
255,74,5,60,200,20
255,75,5,60,232.5,30
255,41,1,5,183.34999,20
255,51,1,5,755.25,15
255,77,1,5,259.35,21
264,4,2,71,412.5,25
264,24,2,71,101.25,30
264,77,2,71,390,30
264,7,2,52,1800,60
264,22,2,52,525,25
264,46,2,52,300,25
264,55,2,52,144,6
264,13,1,76,336,56
264,35,1,76,229.5,15
264,42,1,76,285.6,24
264,55,1,76,960,40
264,1,5,59,72,4
264,40,5,59,184,10
264,52,5,59,70,10
353,26,2,80,187.38,6
353,76,2,80,108,6
353,1,1,10,36,2
353,59,1,10,550,10
353,1,2,6,144,8
353,29,2,6,185.685,2
219,8,4,2,1200,30
219,29,4,2,1237.9,10
219,42,4,2,196,14
219,28,1,87,3032.4,70
219,34,1,87,1197,90
219,71,1,87,451.5,21
219,24,1,49,54,12
219,36,1,49,256.5,18
219,60,1,49,306,9
258,7,6,64,600,20
258,24,6,64,45,10
258,58,4,51,503.5,40
258,71,4,51,430,20
258,19,4,48,437,50
258,60,4,48,1162.8,36
258,71,4,48,1225.5,60
258,23,3,14,90,10
258,42,3,14,56,4
258,45,3,14,190,20
258,68,3,14,25,2
64,41,6,83,243.18,28
64,30,5,61,388.34998,15
64,77,5,61,234,18
64,31,2,84,187.5,15
64,36,2,84,304,16
81,3,1,87,250,25
81,59,1,87,6050,110
81,70,1,87,450,30
81,12,5,17,760,20
81,18,5,17,625,10
81,56,5,17,190,5
81,46,3,70,36,3
81,49,3,70,40,2
62,10,1,5,632.4,24
62,2,6,18,156.75,11
62,20,6,18,1215,15
62,26,6,18,1967.49,63
62,51,6,18,1749,44
62,72,6,18,1218,35
62,19,3,40,322,35
62,69,3,40,1080,30
62,7,4,62,120,4
62,43,4,62,1380,30
266,26,1,91,374.76,12
266,33,1,91,75,30
266,65,1,91,442.05,21
266,71,1,91,1075,50
266,1,3,73,162,10
266,13,3,73,108,20
266,18,2,45,500,8
266,51,2,45,530,10
413,24,6,1,101.25,30
413,62,6,1,776.475,21
413,55,1,77,840,35
413,59,1,77,1320,24
413,56,1,11,760,20
413,63,1,11,526.80005,12
154,2,3,76,1425,100
154,5,3,76,1494.5,70
154,29,3,76,5570.55,60
154,59,3,76,4125,100
154,1,5,76,810,45
154,13,5,76,480,80
154,24,5,76,94.5,21
154,64,5,76,665,20
154,71,5,76,344,16
154,36,4,19,665,35
154,38,4,19,6587.5,25
154,59,4,19,1650,30
154,53,1,82,2066.4,70
154,69,1,82,1166.4,36
406,21,4,36,135,15
406,44,4,36,233.40001,12
406,61,4,36,171,6
406,1,1,27,180,10
406,35,1,27,1080,60
406,42,1,27,420,30
406,54,1,27,74.5,10
406,13,5,30,42,7
406,59,5,30,1650,30
196,70,5,49,60,4
196,40,4,27,73.6,5
196,52,4,27,14,2
196,71,4,27,645,30
196,28,2,83,912,20
196,35,2,83,432,24
196,49,2,83,1200,60
196,57,2,83,546,28
415,21,2,6,200,20
415,2,2,11,456,30
415,63,2,11,1317,30
415,44,2,78,291.75,15
415,61,2,78,114,4
415,11,2,35,210,10
305,62,3,60,591.6,12
305,33,1,1,37.5,15
305,51,1,1,1272,24
305,12,3,67,722,20
305,32,3,67,456,15
305,35,3,67,307.8,18
351,1,5,91,337.5,25
351,5,5,91,480.375,30
351,68,3,1,525,42
351,2,3,55,152,10
351,12,3,55,121.6,4
313,76,2,52,810,50
313,24,6,42,36,10
313,43,1,40,1104,30
313,61,1,40,228,10
313,18,4,21,1750,35
313,32,4,21,640,20
313,64,4,21,665,25
451,33,1,56,25,10
451,67,1,56,280,20
451,24,2,9,67.5,15
451,25,2,9,210,15
451,51,2,9,1060,20
451,57,2,9,390,20
451,7,3,91,1200,40
451,55,3,91,840,35
451,60,3,91,1700,50
354,70,6,86,45,3
354,21,2,57,30,3
354,60,2,57,714,21
354,61,2,57,114,4
354,13,6,37,180,30
354,17,6,37,468,12
354,60,6,37,1190,35
260,60,5,45,136,4
260,77,5,45,130,10
260,60,6,6,510,15
260,53,3,64,262.4,10
260,70,3,64,144,12
260,34,1,12,420,30
260,40,1,12,662.39996,40
260,41,1,12,260.55,30
26,17,6,76,2702.7,77
26,41,6,76,115.799995,12
26,53,6,76,738,25
26,55,6,76,86.4,4
26,68,6,76,687.5,55
26,30,1,25,77.67,4
26,54,1,25,111.75,20
26,16,6,19,52.350002,3
26,19,6,19,386.4,42
26,34,6,19,490,35
216,41,2,30,86.85,9
216,28,1,31,310.08,8
216,43,1,31,1407.6,36
216,77,1,31,309.4,28
216,39,5,7,360,20
44,1,2,90,612,40
44,2,2,90,323,20
44,16,2,90,444.975,30
44,31,2,90,250,20
44,7,4,25,427.5,15
44,13,4,25,57,10
44,2,5,87,152,8
44,41,5,87,386,40
44,50,5,87,357.5,22
44,64,5,87,4322.5,130
44,11,5,24,210,10
44,24,5,24,90,20
246,16,3,53,232.085,14
246,2,6,82,161.5,10
246,46,6,82,306,30
246,76,6,82,30.6,2
246,6,3,54,375,20
246,14,3,54,348.75,20
246,19,3,54,69,10
246,2,5,71,364.8,24
246,3,5,71,40,4
246,4,5,71,22,1
246,6,5,71,24.5,1
246,7,5,71,28.5,1
246,8,5,71,72,2
246,10,5,71,31,1
246,12,5,71,72.2,2
246,13,5,71,24,4
246,14,5,71,22.5525,1
246,16,5,71,33.853,2
246,20,5,71,77.76,1
246,23,5,71,18,2
246,32,5,71,32,1
246,39,5,71,34.2,2
246,41,5,71,28.949999,3
246,46,5,71,35.28,3
246,52,5,71,14,2
246,55,5,71,48,2
246,60,5,71,63.920002,2
246,64,5,71,64.505,2
246,66,5,71,17,1
246,73,5,71,29.7,2
246,75,5,71,31,4
246,77,5,71,26,2
